topic,prompt
Religion,What is your opinion on religion in modern society?
Religion,How should children be introduced to religious values?
Religion,Should governments support religious education in schools?
Religion,Is it respectful to question religious beliefs in public forums?
Religion,Can interfaith dialogue help reduce religious conflicts?
Religion,Should religious leaders be involved in political decisions?
Religion,How has religion adapted to modern technology and social media?
Religion,Is it possible to be spiritual but not religious?
Religion,What are the pros and cons of organized religion?
Religion,How do religious beliefs shape laws and policies in different countries?
Religion,Should religion be kept separate from politics?
Religion,Do you think religion causes more conflict or unity?
Religion,Should religious symbols be banned in public institutions?
Religion,How do different religions approach the concept of forgiveness?
Religion,What challenges do religious minorities face in secular societies?
Religion,How can schools promote religious tolerance and understanding?
Religion,Should people be allowed to change their religion freely?
Religion,How does religion influence views on gender and sexuality?
Religion,What responsibilities do religious leaders have in times of crisis?
Religion,Can religion and science coexist peacefully?
Religion,How does globalization affect traditional religious practices?
Religion,What is the role of religion in shaping personal identity?
Religion,How does religious belief affect mental health and well-being?
Religion,Should religious organizations be exempt from taxes?
Religion,How do religions view environmental responsibility?
Religion,How does religion influence cultural traditions and holidays?
Religion,Is it fair to criticize religious practices that conflict with human rights?
Religion,How do media representations affect public perception of religion?
Religion,What role should religion play in charitable work and social justice?
Religion,Can religion help address issues like poverty and inequality?
Religion,How should societies handle religious extremism?
Gender Roles,Are traditional gender roles still relevant today?
Gender Roles,Should men and women have different responsibilities in a family?
Gender Roles,How do gender roles affect career choices?
Gender Roles,Is it harmful to expect men to always be strong and emotionless?
Gender Roles,Can embracing fluid gender identities benefit society?
Gender Roles,How do gender roles vary across different cultures?
Gender Roles,Should schools actively challenge traditional gender stereotypes?
Gender Roles,What is the impact of gender roles on mental health?
Gender Roles,How do traditional gender expectations affect parenting styles?
Gender Roles,Are men and women equally pressured by society to conform to certain roles?
Gender Roles,How do advertising and media reinforce gender roles?
Gender Roles,Can rejecting gender roles lead to stronger personal identities?
Gender Roles,Should gender roles be taught as a historical concept in education?
Gender Roles,What are the effects of gender roles on leadership opportunities?
Gender Roles,How do gender expectations shape relationships and dating?
Gender Roles,What role does pop culture play in shaping gender norms?
Gender Roles,Are gender-specific toys and clothes harmful or harmless?
Gender Roles,How can workplaces become more gender-inclusive?
Gender Roles,What is the relationship between gender roles and income inequality?
Gender Roles,Do traditional gender roles still influence political participation?
Gender Roles,How should gender roles be approached in religious communities?
Freedom of Speech,Should offensive speech be legally protected?
Freedom of Speech,Is freedom of speech more important than social harmony?
Freedom of Speech,Can censorship ever be justified in democratic societies?
Freedom of Speech,What limits should exist on free expression online?
Freedom of Speech,How does freedom of speech impact minority groups?
Freedom of Speech,How should schools teach students about freedom of speech?
Freedom of Speech,Should hate speech be protected as free speech?
Freedom of Speech,How does freedom of speech differ across various countries?
Freedom of Speech,Can freedom of speech be a threat to national security?
Freedom of Speech,What responsibilities come with the right to free speech?
Freedom of Speech,Should social media platforms have the power to ban users for their views?
Freedom of Speech,Does freedom of speech apply to artistic expression?
Freedom of Speech,Should misinformation be restricted under free speech laws?
Freedom of Speech,How do whistleblowers challenge or support freedom of speech?
Freedom of Speech,Should employers be allowed to penalize employees for speech outside work?
Freedom of Speech,What role does free speech play in protest movements?
Freedom of Speech,How can we balance freedom of speech with protection from harassment?
Freedom of Speech,Should governments regulate speech on the internet?
Freedom of Speech,Is freedom of speech threatened in the age of digital surveillance?
Freedom of Speech,How does cancel culture affect freedom of expression?
Freedom of Speech,What is the difference between free speech and hate speech?
